,ISBN,item,label,authorlabel,authorlabel2,numWikipediaLanguages
0,9788845296833,http://www.wikidata.org/entity/Q172850,Il nome della rosa,,Umberto Eco,53
1,9788845278662,http://www.wikidata.org/entity/Q437791,Il pendolo di Foucault,,Umberto Eco,30
2,9788845278624,http://www.wikidata.org/entity/Q791487,Baudolino,,Umberto Eco,26
3,9788845278679,http://www.wikidata.org/entity/Q472031,L'isola del giorno prima,,Umberto Eco,22
4,9788845278631,http://www.wikidata.org/entity/Q1218385,La misteriosa fiamma della regina Loana,,Umberto Eco,21
5,9788845268960,http://www.wikidata.org/entity/Q1193601,Il cimitero di Praga,,Umberto Eco,21
6,9788845282065,http://www.wikidata.org/entity/Q19622413,Numero zero,,Umberto Eco,15
7,9788804665281,http://www.wikidata.org/entity/Q50857,Gomorra (romanzo),,Roberto Saviano,14
8,9788807880896,http://www.wikidata.org/entity/Q960929,Seta (romanzo),,Alessandro Baricco,12
9,9788806200503,http://www.wikidata.org/entity/Q1734076,Q (romanzo),,Luther Blissett,12
10,9788804577027,http://www.wikidata.org/entity/Q386293,La solitudine dei numeri primi,,Paolo Giordano,11
11,9788838910173,http://www.wikidata.org/entity/Q744835,La forma dell'acqua,,Andrea Camilleri,9
12,9788838919916,http://www.wikidata.org/entity/Q15845595,Assandira,,Giulio Angioni,9
13,9788806540159,http://www.wikidata.org/entity/Q1443497,"Se non ora, quando?",,Primo Levi,8
14,9788806222680,http://www.wikidata.org/entity/Q3791315,I sommersi e i salvati,,Primo Levi,8
15,9788807883040,http://www.wikidata.org/entity/Q1220988,Sostiene Pereira,,Antonio Tabucchi,8
16,9788806220778,http://www.wikidata.org/entity/Q20991677,I dodici abati di Challant,,Laura Mancinelli,8
17,9788838902550,http://www.wikidata.org/entity/Q2247431,Notturno indiano,,Antonio Tabucchi,7
18,9788817077651,http://www.wikidata.org/entity/Q1627168,Insciallah,,Oriana Fallaci,6
19,9788838912269,http://www.wikidata.org/entity/Q3793247,Il cane di terracotta,,Andrea Camilleri,6
20,9788807840395,http://www.wikidata.org/entity/Q2253999,Tre metri sopra il cielo,,Federico Moccia,6
21,9788806188672,http://www.wikidata.org/entity/Q924771,Io non ho paura,,Niccolò Ammaniti,5
22,9788806225773,http://www.wikidata.org/entity/Q3940771,Romanzo criminale,,Giancarlo De Cataldo,5
23,9788817035002,http://www.wikidata.org/entity/Q1073919,La forza della ragione,,Oriana Fallaci,5
24,9788817054065,http://www.wikidata.org/entity/Q2257334,La rabbia e l'orgoglio,,Oriana Fallaci,5
25,9788838913198,http://www.wikidata.org/entity/Q3794392,Il ladro di merendine,,Andrea Camilleri,5
26,9788838914058,http://www.wikidata.org/entity/Q3825071,La voce del violino,,Andrea Camilleri,5
27,9788804667599,http://www.wikidata.org/entity/Q2536327,L'ultima legione,,Valerio Massimo Manfredi,5
28,9788866320326,http://www.wikidata.org/entity/Q22263533,L'amica geniale,,Elena Ferrante,5
29,9788885989405,http://www.wikidata.org/entity/Q4007116,Va' dove ti porta il cuore,,Susanna Tamaro,5
30,9788804392705,http://www.wikidata.org/entity/Q1773799,Varcare la soglia della speranza,,John Paul II,5
31,9788804677048,http://www.wikidata.org/entity/Q536549,Nihal della terra del vento,,Licia Troisi,4
32,9788881124251,http://www.wikidata.org/entity/Q1939396,100 colpi di spazzola prima di andare a dormire,,Melissa Panarello,4
33,9788807883811,http://www.wikidata.org/entity/Q490547,Altri libertini,,Pier Vittorio Tondelli,4
34,9788815019806,http://www.wikidata.org/entity/Q5669239,Allegro ma non troppo,,Carlo M. Cipolla,4
35,9788806239619,http://www.wikidata.org/entity/Q3823893,La ricerca delle radici,,Primo Levi,4
36,9788811669135,http://www.wikidata.org/entity/Q3604900,Ad ora incerta,,Primo Levi,4
37,9788806238063,http://www.wikidata.org/entity/Q3818363,L'altrui mestiere,,Primo Levi,4
38,9788804668374,http://www.wikidata.org/entity/Q877418,Lezioni americane,,Italo Calvino,4
39,9788884519511,http://www.wikidata.org/entity/Q383191,L'ultimo elfo,,Silvana De Mari,4
40,9788804469070,http://www.wikidata.org/entity/Q18602097,Severina,,Ignazio Silone,4
41,9788838917295,http://www.wikidata.org/entity/Q3727576,L'odore della notte,,Andrea Camilleri,4
42,9788804592372,http://www.wikidata.org/entity/Q3163622,Volevo i pantaloni,,Lara Cardella,4
43,9788866326410,http://www.wikidata.org/entity/Q41663526,I giorni dell'abbandono,,Elena Ferrante,4
44,9788845251702,http://www.wikidata.org/entity/Q2679025,Nuova grammatica finlandese,,Diego Marani,4
45,9788845931925,http://www.wikidata.org/entity/Q56290576,L'ordine del tempo,,Carlo Rovelli,4
46,9788817080767,http://www.wikidata.org/entity/Q3823045,La masseria delle allodole,,Antonia Arslan,4
47,9788881552351,http://www.wikidata.org/entity/Q2420062,Il cavallo rosso,,Eugenio Corti,4
48,9788807880513,http://www.wikidata.org/entity/Q3824615,La testa perduta di Damasceno Monteiro,,Antonio Tabucchi,4
49,9788806173241,http://www.wikidata.org/entity/Q4003883,Un infinito numero,,Sebastiano Vassalli,4
50,9788845274879,http://www.wikidata.org/entity/Q2986194,Il secondo diario minimo,,Umberto Eco,4
51,9788806206802,http://www.wikidata.org/entity/Q3801159,Io e te,,Niccolò Ammaniti,3
52,9788806224639,http://www.wikidata.org/entity/Q3684045,Come Dio comanda,,Niccolò Ammaniti,3
53,9788807883026,http://www.wikidata.org/entity/Q3349045,Oceano mare,,Alessandro Baricco,3
54,9788807881435,http://www.wikidata.org/entity/Q548338,"Omero, Iliade",,Alessandro Baricco,3
55,9788807880872,http://www.wikidata.org/entity/Q729000,Castelli di rabbia,,Alessandro Baricco,3
56,9788804671701,http://www.wikidata.org/entity/Q3210739,La missione di Sennar,,Licia Troisi,3
57,9788845907296,http://www.wikidata.org/entity/Q2492226,Una storia semplice,,Leonardo Sciascia,3
58,9788804546757,http://www.wikidata.org/entity/Q2525285,Canale Mussolini,,Antonio Pennacchi,3
59,9783499154850,http://www.wikidata.org/entity/Q3597882,1934 (romanzo),,Alberto Moravia,3
60,9788838915741,http://www.wikidata.org/entity/Q3822556,La gita a Tindari,,Andrea Camilleri,3
61,9788838919985,http://www.wikidata.org/entity/Q678685,La pazienza del ragno,,Andrea Camilleri,3
62,9788804704621,http://www.wikidata.org/entity/Q1215353,La pensione Eva,,Andrea Camilleri,3
63,9788838922169,http://www.wikidata.org/entity/Q3823596,La pista di sabbia,,Andrea Camilleri,3
64,9788804427810,http://www.wikidata.org/entity/Q3824648,La torre della solitudine,,Valerio Massimo Manfredi,3
65,9788804667568,http://www.wikidata.org/entity/Q3796059,Il tiranno,,Valerio Massimo Manfredi,3
66,9788804456063,http://www.wikidata.org/entity/Q3793959,Il figlio del sogno,,Valerio Massimo Manfredi,3
67,9788804509691,http://www.wikidata.org/entity/Q3829058,Le sabbie di Amon,,Valerio Massimo Manfredi,3
68,9788804456087,http://www.wikidata.org/entity/Q3793571,Il confine del mondo,,Valerio Massimo Manfredi,3
69,9788804667162,http://www.wikidata.org/entity/Q3819242,L'impero dei draghi,,Valerio Massimo Manfredi,3
70,9788817015158,http://www.wikidata.org/entity/Q3953393,Scusa ma ti chiamo amore,,Federico Moccia,3
71,9788807720352,http://www.wikidata.org/entity/Q3786064,Ho voglia di te,,Federico Moccia,3
72,9788866321811,http://www.wikidata.org/entity/Q24938321,Storia del nuovo cognome,,Elena Ferrante,3
73,9788866324119,http://www.wikidata.org/entity/Q55517451,Storia di chi fugge e di chi resta,,Elena Ferrante,3
74,9788833571683,http://www.wikidata.org/entity/Q99165507,La vita bugiarda degli adulti,,Elena Ferrante,3
75,9788804495802,http://www.wikidata.org/entity/Q4014918,Vita standard di un venditore provvisorio di collant,,Aldo Busi,3
76,9788817073516,http://www.wikidata.org/entity/Q3955049,Seminario sulla Gioventù,,Aldo Busi,3
77,9788817080620,http://www.wikidata.org/entity/Q3963922,Sodomie in corpo 11,,Aldo Busi,3
78,9788845214189,http://www.wikidata.org/entity/Q3819865,L'ultimo dei Vostiachi,,Diego Marani,3
79,9788845929250,http://www.wikidata.org/entity/Q24939853,Sette brevi lezioni di fisica,,Carlo Rovelli,3
80,9788806171247,http://www.wikidata.org/entity/Q1799527,Stabat Mater,,Tiziano Scarpa,3
81,9788804528821,http://www.wikidata.org/entity/Q3340305,"Nicolas Eymerich, inquisitore",,Valerio Evangelisti,3
82,9788804324263,http://www.wikidata.org/entity/Q3822646,La grande sera,,Giuseppe Pontiggia,3
83,9788806189464,http://www.wikidata.org/entity/Q17354844,L'arte della gioia,,Goliarda Sapienza,3
84,9788804613893,http://www.wikidata.org/entity/Q3828993,Le prime luci del mattino,,Fabio Volo,3
85,9788806218126,http://www.wikidata.org/entity/Q20009713,La regola dell'equilibrio,,Gianrico Carofiglio,3
86,9788806220754,http://www.wikidata.org/entity/Q3599350,54 (romanzo),,Wu Ming,3
87,9788863551693,http://www.wikidata.org/entity/Q3829012,Le radici del cielo,,Tullio Avoledo,3
88,9788804573708,http://www.wikidata.org/entity/Q4009790,Venuto al mondo,,Margaret Mazzantini,2
89,9788807018626,http://www.wikidata.org/entity/Q3866828,Mr Gwyn,,Alessandro Baricco,2
90,9788807882807,http://www.wikidata.org/entity/Q2974547,City (romanzo),,Alessandro Baricco,2
91,9788804639626,http://www.wikidata.org/entity/Q30890884,Pandora (Licia Troisi),,Licia Troisi,2
92,9788804671763,http://www.wikidata.org/entity/Q3227517,Il talismano del potere,,Licia Troisi,2
93,9788804591887,http://www.wikidata.org/entity/Q1851872,L'eredità di Thuban,,Licia Troisi,2
94,9788804596332,http://www.wikidata.org/entity/Q3793751,Il destino di Adhara,,Licia Troisi,2
95,9788874520954,http://www.wikidata.org/entity/Q26257498,Mal di pietre,,Milena Agus,2
96,9788811670698,http://www.wikidata.org/entity/Q3702419,Danubio (romanzo),,Claudio Magris,2
97,9788804680338,http://www.wikidata.org/entity/Q3663958,Cave canem (romanzo),,Danila Comastri Montanari,2
98,9788806548414,http://www.wikidata.org/entity/Q2859389,Aracoeli,,Elsa Morante,2
99,9788806138868,http://www.wikidata.org/entity/Q3829100,Le stagioni di Giacomo,,Mario Rigoni Stern,2
100,9788817061841,http://www.wikidata.org/entity/Q3822906,La lunga vita di Marianna Ucrìa,,Dacia Maraini,2
101,9788807880858,http://www.wikidata.org/entity/Q3846933,Margherita Dolcevita,,Stefano Benni,2
102,9788807886713,http://www.wikidata.org/entity/Q3634462,Baol,,Stefano Benni,2
103,9788807882234,http://www.wikidata.org/entity/Q3783029,Terra!,,Stefano Benni,2
104,9788845903182,http://www.wikidata.org/entity/Q3793388,Il cavaliere e la morte,,Leonardo Sciascia,2
105,9788806224073,http://www.wikidata.org/entity/Q7728596,La verità sul caso D.,,Carlo Fruttero,2
106,9788877831095,http://www.wikidata.org/entity/Q7751673,Il fabbricante di specchi,,Primo Levi,2
107,9788804667964,http://www.wikidata.org/entity/Q3892820,Palomar (romanzo),,Italo Calvino,2
108,9788884515995,http://www.wikidata.org/entity/Q3222166,L'ultimo orco,,Silvana De Mari,2
109,9788886826006,http://www.wikidata.org/entity/Q16514636,L'aquilone (romanzo),,Tonino Guerra,2
110,9788806170196,http://www.wikidata.org/entity/Q3795012,Il paese dove non si muore mai,,Ornela Vorpsi,2
111,9788806207250,http://www.wikidata.org/entity/Q3660823,Carta bianca (Lucarelli),,Carlo Lucarelli,2
112,9788806184384,http://www.wikidata.org/entity/Q2839151,Almost Blue (romanzo),,Carlo Lucarelli,2
113,9788804586135,http://www.wikidata.org/entity/Q4004052,"Un sabato, con gli amici",,Andrea Camilleri,2
114,9788807886768,http://www.wikidata.org/entity/Q3819659,L'orda d'oro,,Nanni Balestrini,2
115,9788838918605,http://www.wikidata.org/entity/Q3794247,Il giro di boa,,Andrea Camilleri,2
116,9788838922855,http://www.wikidata.org/entity/Q3793235,Il campo del vasaio,,Andrea Camilleri,2
117,9788838918964,http://www.wikidata.org/entity/Q1199855,La presa di Macallè,,Andrea Camilleri,2
118,9788838921612,http://www.wikidata.org/entity/Q3828460,Le ali della sfinge,,Andrea Camilleri,2
119,9788838921445,http://www.wikidata.org/entity/Q3824744,La vampa d'agosto,,Andrea Camilleri,2
120,9788838920547,http://www.wikidata.org/entity/Q3822880,La luna di carta,,Andrea Camilleri,2
121,9788838923333,http://www.wikidata.org/entity/Q3819115,L'età del dubbio,,Andrea Camilleri,2
122,9788804486831,http://www.wikidata.org/entity/Q3772073,Gli arancini di Montalbano,,Andrea Camilleri,2
123,9788838937460,http://www.wikidata.org/entity/Q3824059,La scomparsa di Patò,,Andrea Camilleri,2
124,9788838913440,http://www.wikidata.org/entity/Q3821866,La concessione del telefono,,Andrea Camilleri,2
125,9788427133310,http://www.wikidata.org/entity/Q3792617,Il club dei viaggiatori immaginari,,Pierdomenico Baccalario,2
126,9788804361336,http://www.wikidata.org/entity/Q3819654,L'oracolo,,Valerio Massimo Manfredi,2
127,9788804667001,http://www.wikidata.org/entity/Q3791831,Idi di marzo (Valerio Massimo Manfredi),,Valerio Massimo Manfredi,2
128,9788804667179,http://www.wikidata.org/entity/Q3818745,L'armata perduta,,Valerio Massimo Manfredi,2
129,9788817043649,http://www.wikidata.org/entity/Q3953396,Scusa ma ti voglio sposare,,Federico Moccia,2
130,9788807880766,http://www.wikidata.org/entity/Q4000042,"Tu, mio",,Erri De Luca,2
131,9788889801871,http://www.wikidata.org/entity/Q16578552,Millant'anni,,Giulio Angioni,2
132,9788889801772,http://www.wikidata.org/entity/Q3819688,L'oro di Fraus,,Giulio Angioni,2
133,9788842084099,http://www.wikidata.org/entity/Q48832073,9 agosto 378. Il giorno dei barbari,,Alessandro Barbero,2
134,9788806225940,http://www.wikidata.org/entity/Q7759730,Della Ragion di Stato,,Giovanni Botero,2
135,9788817092159,http://www.wikidata.org/entity/Q104797833,Sangue giusto,,Francesca Melandri,2
136,9788866325512,http://www.wikidata.org/entity/Q55517827,Storia della bambina perduta,,Elena Ferrante,2
137,9788804432142,http://www.wikidata.org/entity/Q48808401,La Delfina Bizantina,,Aldo Busi,2
138,9788876844195,http://www.wikidata.org/entity/Q60045505,Suicidi dovuti,,Aldo Busi,2
139,9788820017064,http://www.wikidata.org/entity/Q60840683,Manuale della perfetta Gentildonna,,Aldo Busi,2
140,9788807880414,http://www.wikidata.org/entity/Q3783095,Hanno tutti ragione,,Paolo Sorrentino,2
141,9788806176136,http://www.wikidata.org/entity/Q3897351,Passo d'addio,,Giovanni Arpino,2
142,9788804720652,http://www.wikidata.org/entity/Q3818743,L'armata dei fiumi perduti,,Carlo Sgorlon,2
143,9788817081375,http://www.wikidata.org/entity/Q3604126,Acciaio (romanzo),,Silvia Avallone,2
144,9788806190965,http://www.wikidata.org/entity/Q185797,Lo spazio bianco,,Valeria Parrella,2
145,9788804668312,http://www.wikidata.org/entity/Q3935985,Rinascimento privato,,Maria Bellonci,2
146,9788806252397,http://www.wikidata.org/entity/Q3227414,Lo stadio di Wimbledon,,Daniele Del Giudice,2
147,9788806234850,http://www.wikidata.org/entity/Q25389425,Staccando l'ombra da terra,,Daniele Del Giudice,2
148,9788882373924,http://www.wikidata.org/entity/Q3772212,Gli universi di Moras,,Vittorio Catani,2
149,9788882373252,http://www.wikidata.org/entity/Q3795393,Il quinto principio,,Vittorio Catani,2
150,9788868528676,http://www.wikidata.org/entity/Q5980174,Io uccido,,Giorgio Faletti,2
151,9788804529279,http://www.wikidata.org/entity/Q3793359,Il castello di Eymerich,,Valerio Evangelisti,2
152,9788804633570,http://www.wikidata.org/entity/Q15931610,La strada verso casa,,Fabio Volo,2
153,9788804667018,http://www.wikidata.org/entity/Q3794227,Il giorno in più,,Fabio Volo,2
154,9788804666974,http://www.wikidata.org/entity/Q3795990,Il tempo che vorrei,,Fabio Volo,2
155,9788806224073,http://www.wikidata.org/entity/Q7728596,La verità sul caso D.,,Franco Lucentini,2
156,9788838908644,http://www.wikidata.org/entity/Q16674527,Sogni di sogni,,Antonio Tabucchi,2
157,9788807887987,http://www.wikidata.org/entity/Q3959946,Si sta facendo sempre più tardi,,Antonio Tabucchi,2
159,9788806187972,http://www.wikidata.org/entity/Q24400368,L'italiano (Sebastiano Vassalli),,Sebastiano Vassalli,2
160,9788806184254,http://www.wikidata.org/entity/Q3699474,Cuore di pietra,,Sebastiano Vassalli,2
161,9788882127350,http://www.wikidata.org/entity/Q24449298,Un nulla pieno di storie,,Sebastiano Vassalli,2
162,9788817081504,http://www.wikidata.org/entity/Q3821740,La chimera (romanzo),,Sebastiano Vassalli,2
163,9788834600474,http://www.wikidata.org/entity/Q85864121,Il colibrì,,Sandro Veronesi,2
164,9788838924545,http://www.wikidata.org/entity/Q3828949,Le perfezioni provvisorie,,Gianrico Carofiglio,2
165,9788838919053,http://www.wikidata.org/entity/Q3604896,Ad occhi chiusi,,Gianrico Carofiglio,2
166,9788838921469,http://www.wikidata.org/entity/Q3929432,Ragionevoli dubbi,,Gianrico Carofiglio,2
167,9788845277368,http://www.wikidata.org/entity/Q2956462,Caos calmo (Romanzo),,Sandro Veronesi,2
168,9788806147419,http://www.wikidata.org/entity/Q3825016,La vita è bella (Ronanzo),,Vincenzo Cerami,2
170,9788806222086,http://www.wikidata.org/entity/Q3844708,Manituana,,Wu Ming,2
171,9788834601976,http://www.wikidata.org/entity/Q26236054,Il poema dei lunatici,,Ermanno Cavazzoni,2
172,9788806219581,http://www.wikidata.org/entity/Q3719898,Educazione siberiana,,Nicolai Lilin,2
173,9788806234843,http://www.wikidata.org/entity/Q4003758,Un destino ridicolo,,Alessandro Gennari,2
174,9788804666578,http://www.wikidata.org/entity/Q3639402,"Bianca come il latte, rossa come il sangue",,Alessandro D'Avenia,2
175,9788838925009,http://www.wikidata.org/entity/Q3878180,Non tutti i bastardi sono di Vienna,,Andrea Molesini,2
176,9788804641995,http://www.wikidata.org/entity/Q47542714,I randagi,,Antonio Moresco,2
177,9788850250929,http://www.wikidata.org/entity/Q3795941,Il suggeritore,,Donato Carrisi,2
178,9788830448292,http://www.wikidata.org/entity/Q80173662,La casa delle voci,,Donato Carrisi,2
179,9788807881114,http://www.wikidata.org/entity/Q3797342,In ogni caso nessun rimorso,,Pino Cacucci,2
180,9788863610246,http://www.wikidata.org/entity/Q3676009,Chuang Tse e il primo imperatore,,Anna Russo,2
181,9788842544609,http://www.wikidata.org/entity/Q3793037,Il baffo del dittatore,,Anna Russo,2
182,9788804685098,http://www.wikidata.org/entity/Q3805583,Jack Frusciante è uscito dal gruppo,,Enrico Brizzi,2
183,9788887825077,http://www.wikidata.org/entity/Q3897238,Passavamo sulla terra leggeri,,Sergio Atzeni,2
184,9788893880107,http://www.wikidata.org/entity/Q3874361,Nel mare ci sono i coccodrilli,,Fabio Geda,2
185,9788842907176,http://www.wikidata.org/entity/Q21190026,Garibaldi a Gettysburg,,Pierfrancesco Prosperi,2
186,9788895249889,http://www.wikidata.org/entity/Q18223276,E duro campo di battaglia il letto,,Una Chi,2
187,9788817055772,http://www.wikidata.org/entity/Q3899571,Per questo mi chiamo Giovanni,,Luigi Garlando,2
188,9788830429154,http://www.wikidata.org/entity/Q3738384,Fai bei sogni,,Massimo Gramellini,2
189,9788806148430,http://www.wikidata.org/entity/Q28919648,I casi del capitano Flores. Killer presunto,,Laura Mancinelli,2
190,9788806145095,http://www.wikidata.org/entity/Q28919526,I casi del capitano Flores. Il mistero della sedia a rotelle,,Laura Mancinelli,2
191,9788806135485,http://www.wikidata.org/entity/Q21190045,Il fantasma di Mozart,,Laura Mancinelli,2
192,9788806197803,http://www.wikidata.org/entity/Q3603919,Accabadora,,Michela Murgia,2
193,9782907563383,http://www.wikidata.org/entity/Q15992599,Amadé,,Laura Mancinelli,2
194,9788841710326,http://www.wikidata.org/entity/Q3749477,Francesca e Nunziata,,Maria Orsini Natale,2
195,9788865306192,http://www.wikidata.org/entity/Q3874449,Nelle nebbie del tempo,,Lanfranco Fabriani,2
196,9788865304921,http://www.wikidata.org/entity/Q18223835,Lungo i vicoli del tempo,,Lanfranco Fabriani,2
197,9788868571429,http://www.wikidata.org/entity/Q40046240,La lunga notte di Exilles. Una sacra rappresentazione,,Laura Mancinelli,2
198,9788809868540,http://www.wikidata.org/entity/Q3877070,Nina e il mistero dell'Ottava Nota,,Moony Witcher,2
199,9788809047402,http://www.wikidata.org/entity/Q3821353,La bambina della Sesta Luna,,Moony Witcher,2
200,9788809791770,http://www.wikidata.org/entity/Q3877071,Nina e l'Occhio Segreto di Atlantide,,Moony Witcher,2
201,9788809060869,http://www.wikidata.org/entity/Q3877073,Nina e la maledizione del Serpente Piumato,,Moony Witcher,2
202,9788854174115,http://www.wikidata.org/entity/Q3794656,Il mercante di libri maledetti,,Marcello Simoni,2
203,9788806226725,http://www.wikidata.org/entity/Q60848293,Le otto montagne,,Paolo Cognetti,2
204,9788851800680,http://www.wikidata.org/entity/Q21190094,Lo stato dell'unione,,Tullio Avoledo,2
205,9788854147928,http://www.wikidata.org/entity/Q15710243,Ti prego lasciati odiare,,Anna Premoli,2
206,9788806237417,http://www.wikidata.org/entity/Q52618378,Resto qui,,Marco Balzano,2
207,9788806162764,http://www.wikidata.org/entity/Q3875460,New Thing,,Wu Ming 1,2
208,9788806232108,http://www.wikidata.org/entity/Q48805799,L'Arminuta,,Donatella Di Pietrantonio,2
209,9788806186944,http://www.wikidata.org/entity/Q3972939,Stella del mattino,,Wu Ming 4,2
210,9788806221003,http://www.wikidata.org/entity/Q30889020,La sostanza del male,,Luca D’Andrea,2
211,9788807032691,http://www.wikidata.org/entity/Q64841098,Le assaggiatrici,,Rosella Postorino,2
212,9782020081818,http://www.wikidata.org/entity/Q3972931,Stella cadente (romanzo),,Alberto Costantini,2
213,9788842931539,http://www.wikidata.org/entity/Q66686091,I leoni di Sicilia,,Stefania Auci,2
214,9788806234843,http://www.wikidata.org/entity/Q4003758,Un destino ridicolo,,Fabrizio De André,2
